{
  "final_return_ma": 153.3333282470703,
  "strength": -489.6666564941406,
  "max_strength": -343.0,
  "final_strength": -343.0,
  "sample_efficiency": 6.595189188374206e-05,
  "training_efficiency": -0.0,
  "stability": 1.0
}