{
  "final_return_ma": 461.0416564941406,
  "strength": -181.95834350585938,
  "max_strength": 332.0,
  "final_strength": 332.0,
  "sample_efficiency": 6.263693649088964e-05,
  "training_efficiency": -0.0,
  "stability": 0.981409041211009
}