{
  "final_return_ma": 431.61766052246094,
  "strength": -211.38233184814453,
  "max_strength": 119.5,
  "final_strength": 119.5,
  "sample_efficiency": 5.421957575890701e-05,
  "training_efficiency": 0.0,
  "stability": 0.9471491975709796,
  "consistency": 1.9766874715588192
}