{
  "final_return_ma": 252.14646911621094,
  "strength": -390.8535461425781,
  "max_strength": -206.6363525390625,
  "final_strength": -206.6363525390625,
  "sample_efficiency": 6.224102980922908e-05,
  "training_efficiency": -0.0,
  "stability": 1.0
}