{
  "final_return_ma": 463.9285583496094,
  "strength": -179.07144165039062,
  "max_strength": 88.25,
  "final_strength": -30.5,
  "sample_efficiency": 6.115713040344417e-05,
  "training_efficiency": -0.0,
  "stability": 0.9254352152347565
}