{
  "final_return_ma": 103.33333587646484,
  "strength": -539.6666870117188,
  "max_strength": -483.0,
  "final_strength": -483.0,
  "sample_efficiency": 6.488573126262054e-05,
  "training_efficiency": -0.0,
  "stability": 1.0
}