{
  "final_return_ma": 628.6578979492188,
  "strength": -14.34208869934082,
  "max_strength": 219.5,
  "final_strength": 194.5,
  "sample_efficiency": 0.00022923796495888382,
  "training_efficiency": -0.0,
  "stability": 0.6458874344825745
}