{
  "final_return_ma": 321.242431640625,
  "strength": -321.757568359375,
  "max_strength": -143.0,
  "final_strength": -223.0,
  "sample_efficiency": 3.871380613418296e-05,
  "training_efficiency": -0.0,
  "stability": 0.8942532390356064
}