{
  "final_return_ma": 265.5303039550781,
  "strength": -377.46966552734375,
  "max_strength": -197.54544067382812,
  "final_strength": -197.54544067382812,
  "sample_efficiency": 6.25802858849056e-05,
  "training_efficiency": -0.0,
  "stability": 1.0
}