{
  "final_return_ma": 375.1360168457031,
  "strength": -267.86395263671875,
  "max_strength": -28.71429443359375,
  "final_strength": -176.33334350585938,
  "sample_efficiency": 5.618612340185791e-05,
  "training_efficiency": -0.0,
  "stability": 0.91309954226017
}