{
  "final_return_ma": 211.5384521484375,
  "strength": -431.4615478515625,
  "max_strength": -296.8461608886719,
  "final_strength": -296.8461608886719,
  "sample_efficiency": 5.980901187285781e-05,
  "training_efficiency": -0.0,
  "stability": 1.0
}