{
  "final_return_ma": 177.7777862548828,
  "strength": -465.2222595214844,
  "max_strength": -293.0,
  "final_strength": -293.0,
  "sample_efficiency": 6.655122706433758e-05,
  "training_efficiency": -0.0,
  "stability": 1.0
}