{
  "final_return_ma": 360.4377136230469,
  "strength": -282.5622863769531,
  "max_strength": -133.90908813476562,
  "final_strength": -133.90908813476562,
  "sample_efficiency": 4.170996180619113e-05,
  "training_efficiency": -0.0,
  "stability": 1.0
}