{
  "final_return_ma": 247.91665649414062,
  "strength": -395.0833435058594,
  "max_strength": -184.66665649414062,
  "final_strength": -184.66665649414062,
  "sample_efficiency": 6.406876491382718e-05,
  "training_efficiency": -0.0,
  "stability": 1.0
}