{
  "final_return_ma": 402.19366455078125,
  "strength": -240.8063201904297,
  "max_strength": -93.0,
  "final_strength": -93.0,
  "sample_efficiency": 4.580221502692439e-05,
  "training_efficiency": -0.0,
  "stability": 0.9128893539309502
}