{
  "final_return_ma": 270.8333435058594,
  "strength": -372.1666564941406,
  "max_strength": -280.5,
  "final_strength": -280.5,
  "sample_efficiency": 7.012987043708563e-05,
  "training_efficiency": -0.0,
  "stability": 1.0
}