{
  "final_return_ma": 222.2135009765625,
  "strength": -420.7864685058594,
  "max_strength": -350.1428527832031,
  "final_strength": -423.0,
  "sample_efficiency": 4.2159292206633836e-05,
  "training_efficiency": -0.0,
  "stability": 0.9711171481758356
}