{
  "final_return_ma": 510.7372131347656,
  "strength": -132.2628173828125,
  "max_strength": 400.75,
  "final_strength": 175.75,
  "sample_efficiency": 7.250752969412133e-05,
  "training_efficiency": -0.0,
  "stability": 0.8398268222808838
}