{
  "final_return_ma": 179.1666717529297,
  "strength": -463.8333435058594,
  "max_strength": -330.5,
  "final_strength": -330.5,
  "sample_efficiency": 6.555276195285842e-05,
  "training_efficiency": -0.0,
  "stability": 1.0
}