{
  "final_return_ma": 461.9463806152344,
  "strength": -181.05361938476562,
  "max_strength": 257.0,
  "final_strength": 257.0,
  "sample_efficiency": 5.582926678471267e-05,
  "training_efficiency": 0.0,
  "stability": 0.9255896285176277,
  "consistency": 1.0
}