{
  "final_return_ma": 592.9082946777344,
  "strength": -50.09172439575195,
  "max_strength": 227.83334350585938,
  "final_strength": 213.25,
  "sample_efficiency": 1.6950947610894218e-05,
  "training_efficiency": 0.0,
  "stability": 0.6803442253731191,
  "consistency": 3.5463612440554964
}