{
  "final_return_ma": 138.09523010253906,
  "strength": -504.90478515625,
  "max_strength": -228.71429443359375,
  "final_strength": -228.71429443359375,
  "sample_efficiency": 6.870853394502774e-05,
  "training_efficiency": -0.0,
  "stability": 1.0
}