{
  "final_return_ma": 194.44444274902344,
  "strength": -448.5555725097656,
  "max_strength": -393.0,
  "final_strength": -409.66668701171875,
  "sample_efficiency": 6.510197272291407e-05,
  "training_efficiency": -0.0,
  "stability": 0.982193710282445
}