{
  "final_return_ma": 543.7710266113281,
  "strength": -99.22895050048828,
  "max_strength": 169.5,
  "final_strength": 169.5,
  "sample_efficiency": 6.158060568850487e-05,
  "training_efficiency": 0.0,
  "stability": 0.8983928356319666,
  "consistency": 1.8007520418322074
}