{
  "final_return_ma": 546.2932281494141,
  "strength": -96.70676517486572,
  "max_strength": 153.875,
  "final_strength": 82.0,
  "sample_efficiency": 0.000145197547681164,
  "training_efficiency": 0.0,
  "stability": 0.7856613248586655,
  "consistency": 2.703633568605574
}