{
  "final_return_ma": 248.3333282470703,
  "strength": -394.6666564941406,
  "max_strength": -223.0,
  "final_strength": -223.0,
  "sample_efficiency": 7.190315227489918e-05,
  "training_efficiency": -0.0,
  "stability": 1.0
}