epi,t,wall_t,opt_step,frame,fps,total_reward,total_reward_ma,loss,lr,explore_var,entropy_coef,entropy,grad_norm
0.0,0.0,0.0,0.0,0.0,0.0,,,,0.03,,0.01,,
0.0,10000.0,70.0,0.0,10000.0,142.85715,0.0,0.0,,0.03,,0.0055,,
0.0,20000.0,109.0,0.0,20000.0,183.48624,214.28572,107.14286,,0.03,,0.001,,
0.0,30000.0,148.0,0.0,30000.0,202.7027,316.66666,176.98413,,0.03,,0.001,,
