{
  "final_return_ma": 293.33331298828125,
  "strength": -349.66668701171875,
  "max_strength": -203.0,
  "final_strength": -203.0,
  "sample_efficiency": 5.871663233847357e-05,
  "training_efficiency": -0.0,
  "stability": 0.9860607590526342
}