{
  "final_return_ma": 499.0615234375,
  "strength": -143.93850708007812,
  "max_strength": 232.0,
  "final_strength": 232.0,
  "sample_efficiency": 6.888218194944784e-05,
  "training_efficiency": -0.0,
  "stability": 0.996260586194694
}