{
  "final_return_ma": 381.5084533691406,
  "strength": -261.4915466308594,
  "max_strength": 7.0,
  "final_strength": 7.0,
  "sample_efficiency": 4.597546285367571e-05,
  "training_efficiency": -0.0,
  "stability": 0.9880812326446176
}