{
  "final_return_ma": 103.70369720458984,
  "strength": -539.2963256835938,
  "max_strength": -465.22222900390625,
  "final_strength": -465.22222900390625,
  "sample_efficiency": 6.404894520528615e-05,
  "training_efficiency": -0.0,
  "stability": 1.0
}