{
  "final_return_ma": 155.55555725097656,
  "strength": -487.4444580078125,
  "max_strength": -276.3333435058594,
  "final_strength": -276.3333435058594,
  "sample_efficiency": 6.883595779072493e-05,
  "training_efficiency": -0.0,
  "stability": 1.0
}