{
  "final_return_ma": 239.2045440673828,
  "strength": -403.79547119140625,
  "max_strength": -161.18182373046875,
  "final_strength": -161.18182373046875,
  "sample_efficiency": 6.387074972735718e-05,
  "training_efficiency": -0.0,
  "stability": 1.0
}