{
  "final_return_ma": 228.57142639160156,
  "strength": -414.4285888671875,
  "max_strength": -285.8571472167969,
  "final_strength": -285.8571472167969,
  "sample_efficiency": 4.425198130775243e-05,
  "training_efficiency": -0.0,
  "stability": 1.0
}