{
  "final_return_ma": 686.7550659179688,
  "strength": 43.75505828857422,
  "max_strength": 223.66668701171875,
  "final_strength": 194.5,
  "sample_efficiency": -3.4980286727659404e-05,
  "training_efficiency": 0.0,
  "stability": 0.3644278645515442
}