{
  "final_return_ma": 176.984130859375,
  "strength": -466.0158996582031,
  "max_strength": -326.3333435058594,
  "final_strength": -326.3333435058594,
  "sample_efficiency": 6.910600495757535e-05,
  "training_efficiency": -0.0,
  "stability": 1.0
}