{
  "final_return_ma": 449.6297912597656,
  "strength": -193.3702392578125,
  "max_strength": 338.25,
  "final_strength": 338.25,
  "sample_efficiency": 5.33104466740042e-05,
  "training_efficiency": -0.0,
  "stability": 0.9668678268790245
}