{
  "0": {
    "final_return_ma": 506.7225341796875,
    "strength": -136.27740478515625,
    "max_strength": 188.25,
    "final_strength": 94.5,
    "sample_efficiency": 3.181320789735764e-05,
    "training_efficiency": 0.0,
    "stability": 0.8181838393211365,
    "consistency": 1.0,
    "agent.0.net.fc_hid_layers": 32,
    "agent.0.net.batch_norm": true,
    "agent.0.net.lr": 0.047984790951533296,
    "agent.0.net.gamma": -0.9100960725755254
  },
  "1": {
    "final_return_ma": 546.2932281494141,
    "strength": -96.70676517486572,
    "max_strength": 153.875,
    "final_strength": 82.0,
    "sample_efficiency": 0.000145197547681164,
    "training_efficiency": 0.0,
    "stability": 0.7856613248586655,
    "consistency": 2.703633568605574,
    "agent.0.net.fc_hid_layers": 32,
    "agent.0.net.batch_norm": true,
    "agent.0.net.lr": 0.06359564665501836,
    "agent.0.net.gamma": -0.03807405767641825
  },
  "2": {
    "final_return_ma": 461.9463806152344,
    "strength": -181.05361938476562,
    "max_strength": 257.0,
    "final_strength": 257.0,
    "sample_efficiency": 5.582926678471267e-05,
    "training_efficiency": 0.0,
    "stability": 0.9255896285176277,
    "consistency": 1.0,
    "agent.0.net.fc_hid_layers": 32,
    "agent.0.net.batch_norm": true,
    "agent.0.net.lr": 0.07684596940789956,
    "agent.0.net.gamma": 2.0574789037814023
  },
  "3": {
    "final_return_ma": 543.7710266113281,
    "strength": -99.22895050048828,
    "max_strength": 169.5,
    "final_strength": 169.5,
    "sample_efficiency": 6.158060568850487e-05,
    "training_efficiency": 0.0,
    "stability": 0.8983928356319666,
    "consistency": 1.8007520418322074,
    "agent.0.net.fc_hid_layers": 32,
    "agent.0.net.batch_norm": true,
    "agent.0.net.lr": 3.7099845041354564e-05,
    "agent.0.net.gamma": 0.6313427930963512
  },
  "4": {
    "final_return_ma": 381.5084533691406,
    "strength": -261.4915466308594,
    "max_strength": 7.0,
    "final_strength": 7.0,
    "sample_efficiency": 4.597546285367571e-05,
    "training_efficiency": 0.0,
    "stability": 0.9880812326446176,
    "consistency": 1.0,
    "agent.0.net.fc_hid_layers": 128,
    "agent.0.net.batch_norm": false,
    "agent.0.net.lr": -0.001384846433413067,
    "agent.0.net.gamma": 2.7659357363656354
  },
  "5": {
    "final_return_ma": 575.868896484375,
    "strength": -67.13105773925781,
    "max_strength": 157.0,
    "final_strength": -16.33331298828125,
    "sample_efficiency": 4.539302972261794e-05,
    "training_efficiency": 0.0,
    "stability": 0.6004537045955658,
    "consistency": 1.0,
    "agent.0.net.fc_hid_layers": 32,
    "agent.0.net.batch_norm": true,
    "agent.0.net.lr": 0.035570817439146994,
    "agent.0.net.gamma": 1.5290199100069883
  },
  "6": {
    "final_return_ma": 480.1835021972656,
    "strength": -162.8165283203125,
    "max_strength": 369.5,
    "final_strength": 257.0,
    "sample_efficiency": 6.290898818406276e-05,
    "training_efficiency": 0.0,
    "stability": 0.9033473245799541,
    "consistency": 2.0485530363407216,
    "agent.0.net.fc_hid_layers": 64,
    "agent.0.net.batch_norm": false,
    "agent.0.net.lr": 0.006275418112011427,
    "agent.0.net.gamma": -0.8798017869334593
  },
  "7": {
    "final_return_ma": 431.61766052246094,
    "strength": -211.38233184814453,
    "max_strength": 119.5,
    "final_strength": 119.5,
    "sample_efficiency": 5.421957575890701e-05,
    "training_efficiency": 0.0,
    "stability": 0.9471491975709796,
    "consistency": 1.9766874715588192,
    "agent.0.net.fc_hid_layers": 128,
    "agent.0.net.batch_norm": false,
    "agent.0.net.lr": 0.06737821073224552,
    "agent.0.net.gamma": 0.8961012881444148
  },
  "8": {
    "final_return_ma": 592.9082946777344,
    "strength": -50.09172439575195,
    "max_strength": 227.83334350585938,
    "final_strength": 213.25,
    "sample_efficiency": 1.6950947610894218e-05,
    "training_efficiency": 0.0,
    "stability": 0.6803442253731191,
    "consistency": 3.5463612440554964,
    "agent.0.net.fc_hid_layers": 64,
    "agent.0.net.batch_norm": false,
    "agent.0.net.lr": 0.02653467450324433,
    "agent.0.net.gamma": 2.378128677736959
  },
  "9": {
    "final_return_ma": 321.242431640625,
    "strength": -321.757568359375,
    "max_strength": -143.0,
    "final_strength": -223.0,
    "sample_efficiency": 3.871380613418296e-05,
    "training_efficiency": 0.0,
    "stability": 0.8942532390356064,
    "consistency": 1.0,
    "agent.0.net.fc_hid_layers": 64,
    "agent.0.net.batch_norm": true,
    "agent.0.net.lr": -0.08383695742246443,
    "agent.0.net.gamma": 1.067186998634488
  }
}