epi,t,wall_t,opt_step,frame,fps,total_reward,total_reward_ma,loss,lr,explore_var,entropy_coef,entropy,grad_norm
0.0,0.0,0.0,0.0,0.0,0.0,,,,0.03,,0.01,,
0.0,10000.0,71.0,0.0,10000.0,140.84508,50.0,50.0,,0.03,,0.0055,,
0.0,20000.0,109.0,0.0,20000.0,183.48624,275.0,162.5,,0.03,,0.001,,
0.0,30000.0,147.0,0.0,30000.0,204.08163,420.0,248.33333,,0.03,,0.001,,
