{
  "final_return_ma": 506.7225341796875,
  "strength": -136.27740478515625,
  "max_strength": 188.25,
  "final_strength": 94.5,
  "sample_efficiency": 3.181320789735764e-05,
  "training_efficiency": -0.0,
  "stability": 0.8181838393211365
}