{
  "final_return_ma": 439.9773254394531,
  "strength": -203.02268981933594,
  "max_strength": 17.0,
  "final_strength": 17.0,
  "sample_efficiency": 6.219387432793155e-05,
  "training_efficiency": -0.0,
  "stability": 1.0
}