{
  "final_return_ma": 216.6666717529297,
  "strength": -426.3333435058594,
  "max_strength": -293.0,
  "final_strength": -293.0,
  "sample_efficiency": 6.740943354088813e-05,
  "training_efficiency": -0.0,
  "stability": 1.0
}