{
  "final_return_ma": 185.55555725097656,
  "strength": -457.4444274902344,
  "max_strength": -303.0,
  "final_strength": -303.0,
  "sample_efficiency": 6.974738789722323e-05,
  "training_efficiency": -0.0,
  "stability": 1.0
}