{
  "final_return_ma": 519.0455932617188,
  "strength": -123.9543685913086,
  "max_strength": 169.5,
  "final_strength": 169.5,
  "sample_efficiency": 8.012451144168153e-05,
  "training_efficiency": -0.0,
  "stability": 0.9455895610153675
}