{
  "final_return_ma": 109.01876068115234,
  "strength": -533.9812622070312,
  "max_strength": -464.4285888671875,
  "final_strength": -464.4285888671875,
  "sample_efficiency": 6.31566290394403e-05,
  "training_efficiency": -0.0,
  "stability": 1.0
}