{
  "final_return_ma": 568.4964599609375,
  "strength": -74.50353240966797,
  "max_strength": 169.5,
  "final_strength": 169.5,
  "sample_efficiency": 4.3036699935328215e-05,
  "training_efficiency": -0.0,
  "stability": 0.8511961102485657
}