{
  "final_return_ma": 480.1835021972656,
  "strength": -162.8165283203125,
  "max_strength": 369.5,
  "final_strength": 257.0,
  "sample_efficiency": 6.290898818406276e-05,
  "training_efficiency": 0.0,
  "stability": 0.9033473245799541,
  "consistency": 2.0485530363407216
}