{
  "final_return_ma": 575.868896484375,
  "strength": -67.13105773925781,
  "max_strength": 157.0,
  "final_strength": -16.33331298828125,
  "sample_efficiency": 4.539302972261794e-05,
  "training_efficiency": 0.0,
  "stability": 0.6004537045955658,
  "consistency": 1.0
}